{
	"credit": "Made with Blockbench",
	"texture_size": [32, 32],
	"textures": {
		"3": "custom:item/darrinfeather",
		"particle": "custom:item/darrinfeather"
	},
	"elements": [
		{
			"from": [8.1, 6, 5.4],
			"to": [8.9, 9, 7.4],
			"rotation": {"angle": 22.5, "axis": "x", "origin": [8.5, 7.5, 6.4]},
			"faces": {
				"north": {"uv": [6.5, 0, 7, 1.5], "texture": "#3"},
				"east": {"uv": [1.5, 0, 2.5, 1.5], "texture": "#3"},
				"south": {"uv": [6.5, 2.5, 7, 4], "texture": "#3"},
				"west": {"uv": [1.5, 1.5, 2.5, 3], "texture": "#3"},
				"up": {"uv": [5, 3, 4.5, 2], "texture": "#3"},
				"down": {"uv": [8.5, 4.5, 8, 5.5], "texture": "#3"}
			}
		},
		{
			"from": [7.9, 8.9, 7],
			"to": [9.1, 11.9, 9],
			"rotation": {"angle": 22.5, "axis": "x", "origin": [8.5, 10.4, 8]},
			"faces": {
				"north": {"uv": [6.5, 4, 7, 5.5], "texture": "#3"},
				"east": {"uv": [2.5, 0, 3.5, 1.5], "texture": "#3"},
				"south": {"uv": [5, 6.5, 5.5, 8], "texture": "#3"},
				"west": {"uv": [2.5, 1.5, 3.5, 3], "texture": "#3"},
				"up": {"uv": [5.5, 9, 5, 8], "texture": "#3"},
				"down": {"uv": [6, 8, 5.5, 9], "texture": "#3"}
			}
		},
		{
			"from": [8, 6.7, 7.3],
			"to": [9, 9.7, 9.3],
			"rotation": {"angle": -22.5, "axis": "x", "origin": [8.5, 8.2, 8.3]},
			"faces": {
				"north": {"uv": [5.5, 6.5, 6, 8], "texture": "#3"},
				"east": {"uv": [0, 3, 1, 4.5], "texture": "#3"},
				"south": {"uv": [6.5, 5.5, 7, 7], "texture": "#3"},
				"west": {"uv": [1, 3, 2, 4.5], "texture": "#3"},
				"up": {"uv": [8.5, 6.5, 8, 5.5], "texture": "#3"},
				"down": {"uv": [6.5, 8, 6, 9], "texture": "#3"}
			}
		},
		{
			"from": [8.2, 7.7, 8.1],
			"to": [8.8, 10.7, 9.9],
			"rotation": {"angle": -22.5, "axis": "x", "origin": [8.5, 9.2, 9.1]},
			"faces": {
				"north": {"uv": [7, 8.5, 7.25, 10], "texture": "#3"},
				"east": {"uv": [2, 3, 3, 4.5], "texture": "#3"},
				"south": {"uv": [7.5, 8.5, 7.75, 10], "texture": "#3"},
				"west": {"uv": [3, 3, 4, 4.5], "texture": "#3"},
				"up": {"uv": [9.25, 7, 9, 6], "texture": "#3"},
				"down": {"uv": [9.25, 7, 9, 8], "texture": "#3"}
			}
		},
		{
			"from": [8.2, 8.2, 5.7],
			"to": [8.8, 11.2, 7.5],
			"rotation": {"angle": 22.5, "axis": "x", "origin": [8.5, 9.7, 6.7]},
			"faces": {
				"north": {"uv": [8.5, 7.5, 8.75, 9], "texture": "#3"},
				"east": {"uv": [3.5, 0, 4.5, 1.5], "texture": "#3"},
				"south": {"uv": [8, 8.5, 8.25, 10], "texture": "#3"},
				"west": {"uv": [3.5, 1.5, 4.5, 3], "texture": "#3"},
				"up": {"uv": [9.25, 9, 9, 8], "texture": "#3"},
				"down": {"uv": [8.75, 9, 8.5, 10], "texture": "#3"}
			}
		},
		{
			"from": [8.3, 8.5, 6.3],
			"to": [8.7, 11.5, 9.1],
			"rotation": {"angle": 22.5, "axis": "x", "origin": [8.5, 10, 7.3]},
			"faces": {
				"north": {"uv": [0, 9, 0.25, 10.5], "texture": "#3"},
				"east": {"uv": [0, 0, 1.5, 1.5], "texture": "#3"},
				"south": {"uv": [9, 0, 9.25, 1.5], "texture": "#3"},
				"west": {"uv": [0, 1.5, 1.5, 3], "texture": "#3"},
				"up": {"uv": [0.75, 10.5, 0.5, 9], "texture": "#3"},
				"down": {"uv": [2.25, 9, 2, 10.5], "texture": "#3"}
			}
		},
		{
			"from": [8.2, 10.7, 6.8],
			"to": [8.8, 14.2, 8.1],
			"rotation": {"angle": -45, "axis": "x", "origin": [8.5, 12.7, 7.3]},
			"faces": {
				"north": {"uv": [8.5, 5.5, 8.75, 7.25], "texture": "#3"},
				"east": {"uv": [4.5, 0, 5.25, 1.75], "texture": "#3"},
				"south": {"uv": [6.5, 8.5, 6.75, 10.25], "texture": "#3"},
				"west": {"uv": [1, 4.5, 1.75, 6.25], "texture": "#3"},
				"up": {"uv": [10.25, 1.75, 10, 1], "texture": "#3"},
				"down": {"uv": [1.75, 10, 1.5, 10.75], "texture": "#3"}
			}
		},
		{
			"from": [8, 10.7, 7.3],
			"to": [9, 13.7, 8.8],
			"rotation": {"angle": -22.5, "axis": "x", "origin": [8.5, 12.2, 7.8]},
			"faces": {
				"north": {"uv": [6, 6.5, 6.5, 8], "texture": "#3"},
				"east": {"uv": [2, 4.5, 2.75, 6], "texture": "#3"},
				"south": {"uv": [7, 0, 7.5, 1.5], "texture": "#3"},
				"west": {"uv": [3, 4.5, 3.75, 6], "texture": "#3"},
				"up": {"uv": [3, 9.75, 2.5, 9], "texture": "#3"},
				"down": {"uv": [9.5, 2.5, 9, 3.25], "texture": "#3"}
			}
		},
		{
			"from": [7.9, 12.3, 7.6],
			"to": [9.1, 15.3, 9.6],
			"rotation": {"angle": -22.5, "axis": "x", "origin": [8.5, 13.8, 8.6]},
			"faces": {
				"north": {"uv": [7, 1.5, 7.5, 3], "texture": "#3"},
				"east": {"uv": [4, 3, 5, 4.5], "texture": "#3"},
				"south": {"uv": [2, 7, 2.5, 8.5], "texture": "#3"},
				"west": {"uv": [0, 4.5, 1, 6], "texture": "#3"},
				"up": {"uv": [8.5, 8.5, 8, 7.5], "texture": "#3"},
				"down": {"uv": [1.5, 8.5, 1, 9.5], "texture": "#3"}
			}
		},
		{
			"from": [8, 14.1, 6.7],
			"to": [9, 17.1, 8.2],
			"rotation": {"angle": -45, "axis": "x", "origin": [8.5, 15.6, 7.7]},
			"faces": {
				"north": {"uv": [2.5, 7, 3, 8.5], "texture": "#3"},
				"east": {"uv": [4, 4.5, 4.75, 6], "texture": "#3"},
				"south": {"uv": [7, 3, 7.5, 4.5], "texture": "#3"},
				"west": {"uv": [5, 2, 5.75, 3.5], "texture": "#3"},
				"up": {"uv": [3.5, 9.75, 3, 9], "texture": "#3"},
				"down": {"uv": [4, 9, 3.5, 9.75], "texture": "#3"}
			}
		},
		{
			"from": [8.1, 15.3, 6.3],
			"to": [8.9, 18.8, 7.3],
			"rotation": {"angle": -45, "axis": "x", "origin": [8.5, 16.8, 7.3]},
			"faces": {
				"north": {"uv": [4.5, 6, 5, 7.75], "texture": "#3"},
				"east": {"uv": [6, 4.5, 6.5, 6.25], "texture": "#3"},
				"south": {"uv": [1, 6.5, 1.5, 8.25], "texture": "#3"},
				"west": {"uv": [1.5, 6.5, 2, 8.25], "texture": "#3"},
				"up": {"uv": [6, 2, 5.5, 1.5], "texture": "#3"},
				"down": {"uv": [8.5, 1, 8, 1.5], "texture": "#3"}
			}
		},
		{
			"from": [7.9, 3.5, 7.25],
			"to": [9.1, 6.5, 8.25],
			"rotation": {"angle": -45, "axis": "x", "origin": [9, 4.5, 7.75]},
			"faces": {
				"north": {"uv": [7, 4.5, 7.5, 6], "texture": "#3"},
				"east": {"uv": [7, 6, 7.5, 7.5], "texture": "#3"},
				"south": {"uv": [6.5, 7, 7, 8.5], "texture": "#3"},
				"west": {"uv": [0, 7.5, 0.5, 9], "texture": "#3"},
				"up": {"uv": [9.5, 9.5, 9, 9], "texture": "#3"},
				"down": {"uv": [10, 0, 9.5, 0.5], "texture": "#3"}
			}
		},
		{
			"from": [7.8, 3.5, 6.75],
			"to": [9.2, 6.5, 7.75],
			"rotation": {"angle": 45, "axis": "x", "origin": [9, 4.5, 7.25]},
			"faces": {
				"north": {"uv": [5, 3.5, 5.75, 5], "texture": "#3"},
				"east": {"uv": [7.5, 0, 8, 1.5], "texture": "#3"},
				"south": {"uv": [5, 5, 5.75, 6.5], "texture": "#3"},
				"west": {"uv": [0.5, 7.5, 1, 9], "texture": "#3"},
				"up": {"uv": [9.75, 2, 9, 1.5], "texture": "#3"},
				"down": {"uv": [9.75, 3.5, 9, 4], "texture": "#3"}
			}
		},
		{
			"from": [7.6, 5, 6.5],
			"to": [9.4, 7.1, 7.5],
			"rotation": {"angle": 45, "axis": "x", "origin": [9, 5.9, 7]},
			"faces": {
				"north": {"uv": [6, 1.5, 7, 2.5], "texture": "#3"},
				"east": {"uv": [8.5, 1, 9, 2], "texture": "#3"},
				"south": {"uv": [2, 6, 3, 7], "texture": "#3"},
				"west": {"uv": [1.5, 8.5, 2, 9.5], "texture": "#3"},
				"up": {"uv": [3, 9, 2, 8.5], "texture": "#3"},
				"down": {"uv": [9.5, 2, 8.5, 2.5], "texture": "#3"}
			}
		},
		{
			"from": [7.7, 5, 7.5],
			"to": [9.3, 7.1, 8.5],
			"rotation": {"angle": -45, "axis": "x", "origin": [9, 5.9, 8]},
			"faces": {
				"north": {"uv": [7.5, 1.5, 8.25, 2.5], "texture": "#3"},
				"east": {"uv": [8.5, 2.5, 9, 3.5], "texture": "#3"},
				"south": {"uv": [7.5, 2.5, 8.25, 3.5], "texture": "#3"},
				"west": {"uv": [8.5, 4.5, 9, 5.5], "texture": "#3"},
				"up": {"uv": [4.75, 9.5, 4, 9], "texture": "#3"},
				"down": {"uv": [9.75, 4, 9, 4.5], "texture": "#3"}
			}
		},
		{
			"from": [8, 0, 7],
			"to": [9, 1, 8],
			"rotation": {"angle": 45, "axis": "x", "origin": [9, 0.5, 7.5]},
			"faces": {
				"north": {"uv": [9.5, 0.5, 10, 1], "texture": "#3"},
				"east": {"uv": [1, 9.5, 1.5, 10], "texture": "#3"},
				"south": {"uv": [9.5, 1, 10, 1.5], "texture": "#3"},
				"west": {"uv": [1.5, 9.5, 2, 10], "texture": "#3"},
				"up": {"uv": [10, 2.5, 9.5, 2], "texture": "#3"},
				"down": {"uv": [10, 2.5, 9.5, 3], "texture": "#3"}
			}
		},
		{
			"from": [8.2, 0.65, 7.1],
			"to": [8.8, 3.65, 7.9],
			"rotation": {"angle": 0, "axis": "y", "origin": [9, 1.65, 7.5]},
			"faces": {
				"north": {"uv": [9, 4.5, 9.25, 6], "texture": "#3"},
				"east": {"uv": [7.5, 3.5, 8, 5], "texture": "#3"},
				"south": {"uv": [5, 9, 5.25, 10.5], "texture": "#3"},
				"west": {"uv": [7.5, 5, 8, 6.5], "texture": "#3"},
				"up": {"uv": [4.75, 10.5, 4.5, 10], "texture": "#3"},
				"down": {"uv": [10.25, 5, 10, 5.5], "texture": "#3"}
			}
		},
		{
			"from": [8, 3, 7],
			"to": [9, 4, 8],
			"rotation": {"angle": -45, "axis": "y", "origin": [8.5, 3.5, 7.5]},
			"faces": {
				"north": {"uv": [9.5, 3, 10, 3.5], "texture": "#3"},
				"east": {"uv": [4, 9.5, 4.5, 10], "texture": "#3"},
				"south": {"uv": [4.5, 9.5, 5, 10], "texture": "#3"},
				"west": {"uv": [9.5, 4.5, 10, 5], "texture": "#3"},
				"up": {"uv": [10, 5.5, 9.5, 5], "texture": "#3"},
				"down": {"uv": [10, 5.5, 9.5, 6], "texture": "#3"}
			}
		},
		{
			"from": [7.9, 5, 7.1],
			"to": [9.1, 9, 7.9],
			"rotation": {"angle": 0, "axis": "y", "origin": [9, 7, 7.5]},
			"faces": {
				"north": {"uv": [6, 2.5, 6.5, 4.5], "texture": "#3"},
				"east": {"uv": [3, 6, 3.5, 8], "texture": "#3"},
				"south": {"uv": [3.5, 6, 4, 8], "texture": "#3"},
				"west": {"uv": [4, 6, 4.5, 8], "texture": "#3"},
				"up": {"uv": [10, 6.5, 9.5, 6], "texture": "#3"},
				"down": {"uv": [10, 6.5, 9.5, 7], "texture": "#3"}
			}
		},
		{
			"from": [7.8, 8.6, 7.95],
			"to": [9.2, 11.6, 8.55],
			"rotation": {"angle": 22.5, "axis": "x", "origin": [9, 10.6, 8.25]},
			"faces": {
				"north": {"uv": [5.5, 0, 6.25, 1.5], "texture": "#3"},
				"east": {"uv": [5.5, 9, 5.75, 10.5], "texture": "#3"},
				"south": {"uv": [0, 6, 0.75, 7.5], "texture": "#3"},
				"west": {"uv": [6, 9, 6.25, 10.5], "texture": "#3"},
				"up": {"uv": [10.75, 2.25, 10, 2], "texture": "#3"},
				"down": {"uv": [3.25, 10, 2.5, 10.25], "texture": "#3"}
			}
		},
		{
			"from": [7.8, 11.1, 7.55],
			"to": [9.2, 13.1, 8.15],
			"rotation": {"angle": -22.5, "axis": "x", "origin": [9, 13.1, 7.85]},
			"faces": {
				"north": {"uv": [7.5, 6.5, 8.25, 7.5], "texture": "#3"},
				"east": {"uv": [9.5, 7, 9.75, 8], "texture": "#3"},
				"south": {"uv": [7, 7.5, 7.75, 8.5], "texture": "#3"},
				"west": {"uv": [9.5, 8, 9.75, 9], "texture": "#3"},
				"up": {"uv": [10.75, 2.75, 10, 2.5], "texture": "#3"},
				"down": {"uv": [10.75, 3, 10, 3.25], "texture": "#3"}
			}
		},
		{
			"from": [7.8, 12.7, 8.45],
			"to": [9.2, 14.7, 8.85],
			"rotation": {"angle": 22.5, "axis": "x", "origin": [9, 14.7, 8.65]},
			"faces": {
				"north": {"uv": [8, 0, 8.75, 1], "texture": "#3"},
				"east": {"uv": [9, 9.5, 9.25, 10.5], "texture": "#3"},
				"south": {"uv": [3, 8, 3.75, 9], "texture": "#3"},
				"west": {"uv": [9.5, 9, 9.75, 10], "texture": "#3"},
				"up": {"uv": [4.25, 10.25, 3.5, 10], "texture": "#3"},
				"down": {"uv": [10.75, 3.5, 10, 3.75], "texture": "#3"}
			}
		},
		{
			"from": [7.8, 13.9, 7.05],
			"to": [9.2, 15.9, 7.45],
			"rotation": {"angle": -45, "axis": "x", "origin": [9, 15.9, 7.25]},
			"faces": {
				"north": {"uv": [8, 3.5, 8.75, 4.5], "texture": "#3"},
				"east": {"uv": [10, 0, 10.25, 1], "texture": "#3"},
				"south": {"uv": [4, 8, 4.75, 9], "texture": "#3"},
				"west": {"uv": [1, 10, 1.25, 11], "texture": "#3"},
				"up": {"uv": [10.75, 4.25, 10, 4], "texture": "#3"},
				"down": {"uv": [10.75, 4.5, 10, 4.75], "texture": "#3"}
			}
		}
	],
	"display": {
		"thirdperson_righthand": {
			"rotation": [-143.72, -4.86, 177.99],
			"translation": [-0.5, 4.5, 3.5]
		},
		"thirdperson_lefthand": {
			"rotation": [-136.55, 0.03, -179.92],
			"translation": [-1, 4.25, 4]
		},
		"gui": {
			"rotation": [94.24, -44.9, 93.01]
		},
		"fixed": {
			"rotation": [-178.75, 80.25, 180]
		}
	},
	"groups": [
		{
			"name": "full_feather",
			"origin": [9, 0.5, 7.5],
			"color": 0,
			"children": [
				{
					"name": "feather_fluff",
					"origin": [9, 1.65, 7.5],
					"color": 0,
					"children": [0, 1, 2, 3, 4, 5, 6, 7, 8, 9, 10]
				},
				{
					"name": "feather_engraving",
					"origin": [0, 0, 6],
					"color": 0,
					"children": [11, 12, 13, 14]
				},
				{
					"name": "feather_kernel",
					"origin": [9, 1.65, 7.5],
					"color": 0,
					"children": [15, 16, 17, 18, 19, 20, 21, 22]
				}
			]
		}
	]
}