{"providers":[{"type":"bitmap","file":"minecraft:misc\/a.png","ascent":9,"height":16,"chars":["\u99aa"]},{"type":"bitmap","file":"minecraft:misc\/b.png","ascent":9,"height":16,"chars":["\u99ab"]},{"type":"bitmap","file":"minecraft:misc\/c.png","ascent":9,"height":16,"chars":["\u99ac"]},{"type":"bitmap","file":"minecraft:misc\/d.png","ascent":9,"height":16,"chars":["\u99ad"]},{"type":"bitmap","file":"minecraft:misc\/e.png","ascent":9,"height":16,"chars":["\u99ae"]},{"type":"bitmap","file":"minecraft:misc\/f.png","ascent":9,"height":16,"chars":["\u99af"]},{"type":"bitmap","file":"minecraft:misc\/g.png","ascent":9,"height":16,"chars":["\u99ba"]},{"type":"bitmap","file":"minecraft:misc\/h.png","ascent":9,"height":16,"chars":["\u99bb"]},{"type":"bitmap","file":"minecraft:misc\/i.png","ascent":9,"height":16,"chars":["\u99bc"]},{"type":"bitmap","file":"minecraft:misc\/j.png","ascent":9,"height":16,"chars":["\u99bd"]},{"type":"bitmap","file":"minecraft:misc\/k.png","ascent":9,"height":16,"chars":["\u99be"]},{"type":"bitmap","file":"minecraft:misc\/l.png","ascent":9,"height":16,"chars":["\u99bf"]},{"type":"bitmap","file":"minecraft:misc\/m.png","ascent":9,"height":16,"chars":["\u99ca"]},{"type":"bitmap","file":"minecraft:misc\/n.png","ascent":9,"height":16,"chars":["\u99cb"]},{"type":"bitmap","file":"minecraft:misc\/o.png","ascent":9,"height":16,"chars":["\u99cc"]},{"type":"bitmap","file":"minecraft:misc\/p.png","ascent":9,"height":16,"chars":["\u99cd"]},{"type":"bitmap","file":"minecraft:misc\/q.png","ascent":9,"height":16,"chars":["\u99ce"]},{"type":"bitmap","file":"minecraft:misc\/r.png","ascent":9,"height":16,"chars":["\u99cf"]},{"type":"bitmap","file":"minecraft:misc\/s.png","ascent":9,"height":16,"chars":["\u99da"]},{"type":"bitmap","file":"minecraft:misc\/t.png","ascent":9,"height":16,"chars":["\u99db"]},{"type":"bitmap","file":"minecraft:misc\/u.png","ascent":9,"height":16,"chars":["\u99dc"]},{"type":"bitmap","file":"minecraft:misc\/v.png","ascent":9,"height":16,"chars":["\u99dd"]},{"type":"bitmap","file":"minecraft:misc\/w.png","ascent":9,"height":16,"chars":["\u99de"]},{"type":"bitmap","file":"minecraft:misc\/x.png","ascent":9,"height":16,"chars":["\u99df"]},{"type":"bitmap","file":"minecraft:misc\/y.png","ascent":9,"height":16,"chars":["\u99ea"]},{"type":"bitmap","file":"minecraft:misc\/z.png","ascent":9,"height":16,"chars":["\u99eb"]},{"type":"bitmap","file":"minecraft:misc\/end_char.png","ascent":8,"height":16,"chars":["\u1488"]}]}